node,f0,f1,f2,f3,f4,f5,f6,f7,f8,f9,f10,f11,f12,f13,f14,f15,f16,f17,f18,f19,f20,f21,f22,f23,f24,f25,f26,f27,f28,f29,f30,f31,f32,f33,f34,f35,f36,f37,f38,f39,f40,f41,f42,f43,f44,f45,f46,f47,f48,f49,f50,f51,f52,f53,f54,f55,f56,f57,f58,f59,f60,f61,f62,f63,f64,f65,f66,f67,f68,f69,f70,f71,f72,f73,f74,f75,f76,f77,f78,f79,f80,f81,f82,f83,f84,f85,f86,f87,f88,f89,f90,f91,f92,f93,f94,f95,f96,f97,f98,f99,f100,f101,f102,f103,f104,f105,f106,f107,f108,f109,f110,f111,f112,f113,f114,f115,f116,f117,f118,f119,f120,f121,f122,f123,f124,f125,f126,f127
227300,0.0014621891314163804,-0.3341197967529297,-0.11789587885141373,-0.22565051913261414,0.03821749985218048,-0.34123873710632324,-0.06291881948709488,-0.03843805566430092,-0.18476006388664246,0.3779278099536896,0.5147796273231506,0.04986555874347687,-0.1793656200170517,-0.0416874960064888,-0.02948094718158245,0.04226412996649742,-0.1184295192360878,0.09515201300382614,-0.3939041495323181,0.2926543354988098,0.5332697033882141,0.19658754765987396,0.03377651050686836,0.20292171835899353,-0.13190120458602905,-0.04787774756550789,-0.629479706287384,-0.22694137692451477,0.14488962292671204,-0.26291364431381226,-0.6266353726387024,-0.22515787184238434,0.10519640147686005,0.059373464435338974,0.0939268097281456,0.40727242827415466,0.6733887195587158,-0.10761361569166183,0.663427472114563,0.39559122920036316,0.25341537594795227,0.04747578874230385,0.3203650712966919,-0.1916779726743698,-0.367613285779953,0.3273921012878418,0.020480770617723465,-0.3423009514808655,0.14387817680835724,-0.3317050635814667,0.3817988932132721,0.13708680868148804,0.3495219945907593,-0.20160239934921265,0.3577195405960083,0.422228068113327,0.3702091872692108,-0.3773912191390991,0.06672342866659164,-0.009325403720140457,0.46452054381370544,-0.39276123046875,-0.12610167264938354,0.4434359669685364,0.19489914178848267,-0.1908869743347168,0.7079011797904968,0.36088645458221436,-0.15545183420181274,-0.14040592312812805,0.2536846995353699,-0.01447068527340889,-0.2645910680294037,-0.06506465375423431,-0.13599418103694916,-0.33188268542289734,-0.2580409049987793,-0.03381058946251869,0.3436788022518158,0.6414868831634521,0.25435587763786316,-0.34820622205734253,-0.010535979643464088,0.6098638772964478,0.09194626659154892,0.4357711672782898,0.20552173256874084,0.09072977304458618,0.3707658350467682,0.27535557746887207,0.1408928781747818,0.03652230277657509,-0.2267177253961563,0.052747003734111786,0.43399176001548767,-0.2049902230501175,-0.8011524677276611,-0.5943765640258789,-0.17855238914489746,-0.13042238354682922,-0.07963233441114426,0.3827762305736542,0.20540055632591248,-0.05650869011878967,0.059158843010663986,0.07451585680246353,0.4120531976222992,-0.3945109248161316,0.18033526837825775,-0.40061256289482117,0.04549313336610794,0.19052140414714813,0.1159810945391655,-0.3044114410877228,0.21008241176605225,-0.1825551688671112,-0.3092411756515503,0.5556083917617798,0.06071369722485542,-0.0006219890201464295,-0.2303958386182785,0.1262408345937729,-0.34890854358673096,0.24878956377506256,-0.2793785035610199,0.0010779445292428136,-0.07075965404510498,0.08775073289871216
270880,9.473903628531843e-05,-0.33517247438430786,-0.08175331354141235,-0.22468042373657227,0.02357448823750019,-0.35904863476753235,-0.08430948108434677,-0.036905013024806976,-0.17567682266235352,0.36629247665405273,0.5396193861961365,0.04610297828912735,-0.16033360362052917,-0.05259890481829643,-0.0399140901863575,0.020653098821640015,-0.1339016854763031,0.11044138669967651,-0.39285051822662354,0.29078614711761475,0.5279189944267273,0.1961083710193634,0.025884956121444702,0.19809243083000183,-0.14723891019821167,-0.03414490446448326,-0.6493530869483948,-0.2324271947145462,0.12590843439102173,-0.24392575025558472,-0.6291251182556152,-0.20953842997550964,0.09292355924844742,0.06617564707994461,0.12586361169815063,0.3923240005970001,0.6726834177970886,-0.10401929914951324,0.6597773432731628,0.3960095942020416,0.24465520679950714,0.06480510532855988,0.31300830841064453,-0.17318442463874817,-0.35863006114959717,0.3121379017829895,0.023279454559087753,-0.3426750898361206,0.1471482217311859,-0.32609838247299194,0.39865079522132874,0.12978172302246094,0.33551862835884094,-0.19891314208507538,0.3588528037071228,0.42624855041503906,0.3674717843532562,-0.3691338002681732,0.0491519421339035,0.006438099313527346,0.46296074986457825,-0.4055730104446411,-0.11826809495687485,0.4298834502696991,0.20354630053043365,-0.2020675241947174,0.7012439370155334,0.35232412815093994,-0.11876088380813599,-0.15016955137252808,0.23897726833820343,-0.02869279868900776,-0.27968254685401917,-0.08609049767255783,-0.13903188705444336,-0.339703232049942,-0.2242354154586792,-0.033479467034339905,0.3383570611476898,0.6395398378372192,0.23628142476081848,-0.3432464301586151,0.020211128517985344,0.6194331049919128,0.08609389513731003,0.4403808116912842,0.20624801516532898,0.09802110493183136,0.3592158854007721,0.2914590537548065,0.12863659858703613,0.049623001366853714,-0.25262367725372314,0.06259920448064804,0.44898805022239685,-0.2127191126346588,-0.8100470304489136,-0.5963760018348694,-0.1655532419681549,-0.13615618646144867,-0.1037311851978302,0.35749730467796326,0.21678036451339722,-0.05635201930999756,0.042837318032979965,0.07623042911291122,0.4038983881473541,-0.3999291658401489,0.174134761095047,-0.40592050552368164,0.05927306041121483,0.17826756834983826,0.12390527874231339,-0.2894884943962097,0.19101272523403168,-0.17708474397659302,-0.3259839117527008,0.5440815687179565,0.05571717023849487,0.010042689740657806,-0.2368164211511612,0.11340062320232391,-0.33584725856781006,0.23551452159881592,-0.2813968062400818,-0.005076487548649311,-0.08939686417579651,0.0921115055680275
255710,0.046349044889211655,0.08762925863265991,0.49256160855293274,-0.07430566847324371,-0.4232608675956726,-0.38005027174949646,0.08930020034313202,0.18622922897338867,0.1945081651210785,0.14671050012111664,0.6623556017875671,0.011509712785482407,0.09466381371021271,-0.1284821331501007,-0.6021086573600769,-0.0985977053642273,-0.21927353739738464,0.26297107338905334,-0.20852288603782654,-0.29868191480636597,0.37166085839271545,0.2528837025165558,0.5333784818649292,-0.12409046292304993,-0.01955125853419304,0.1792805790901184,-0.36692240834236145,0.03682512789964676,0.27073973417282104,0.051936425268650055,-0.6905654072761536,0.3817290663719177,-0.206809863448143,-0.1641271859407425,0.024792423471808434,0.10137543827295303,0.8390858769416809,0.3129943609237671,0.5459842681884766,-0.36821216344833374,0.06775808334350586,0.3849446475505829,-0.3098788857460022,-0.4302475154399872,0.3229166567325592,0.1701176017522812,-0.36466875672340393,-0.3759329915046692,-0.1377163529396057,0.17228391766548157,0.138975590467453,0.023965509608387947,-0.25582101941108704,0.1131892278790474,0.5159545540809631,-0.12645195424556732,0.47052326798439026,-0.2703113853931427,-0.22432439029216766,-0.21446500718593597,0.05779900401830673,-0.34464770555496216,0.053687844425439835,-0.10055390745401382,0.09369996190071106,-0.18080563843250275,0.18365012109279633,0.14853639900684357,0.12120679020881653,-0.19297181069850922,-0.05555979534983635,0.4181792140007019,-0.29886817932128906,-0.008862665854394436,-0.27151328325271606,-0.08323223888874054,0.4708624482154846,0.40830299258232117,-0.053624872118234634,0.18066471815109253,-0.2827414274215698,0.22363264858722687,0.1949656456708908,0.2079337239265442,0.15978482365608215,0.19124847650527954,0.5635743737220764,-0.24383188784122467,0.2497606873512268,0.7321937084197998,-0.3023160994052887,-0.13989685475826263,-0.31496119499206543,-0.22463320195674896,0.4274117052555084,-0.1359274834394455,-0.45388928055763245,-0.4584154188632965,0.24447527527809143,0.2805309295654297,-0.471773624420166,0.4166434705257416,0.20022493600845337,0.03034146875143051,0.24308809638023376,-0.2500191926956177,-0.15400856733322144,-0.13302099704742432,-0.21235693991184235,-0.23830173909664154,0.11721740663051605,-0.19326265156269073,-0.24536211788654327,0.21096330881118774,0.03858356922864914,0.3973143398761749,0.17362137138843536,0.5717484951019287,0.07619937509298325,0.3496234714984894,0.18559305369853973,-0.24684201180934906,0.036270733922719955,-0.2691400349140167,0.09851215034723282,-0.29371345043182373,-0.6642336845397949,0.08452080935239792
949230,0.03833787888288498,0.07258784025907516,0.49894893169403076,-0.06414595991373062,-0.44901105761528015,-0.3784453570842743,0.09186544269323349,0.18215638399124146,0.162151038646698,0.11751480400562286,0.6590176224708557,0.0004671017231885344,0.06351681053638458,-0.10663904249668121,-0.6032090783119202,-0.11315823346376419,-0.20815666019916534,0.2448674738407135,-0.21845966577529907,-0.3345572352409363,0.3695361912250519,0.2503918707370758,0.5371056199073792,-0.10773567110300064,-0.00013896854943595827,0.17908738553524017,-0.3543030023574829,0.03520644083619118,0.24129435420036316,0.02312975935637951,-0.6966349482536316,0.36493727564811707,-0.1890505999326706,-0.18258649110794067,0.03817462921142578,0.10602676123380661,0.8367213010787964,0.29681357741355896,0.5221691727638245,-0.3766860365867615,0.051946211606264114,0.38233718276023865,-0.33698686957359314,-0.4125058352947235,0.33529913425445557,0.15431004762649536,-0.37049344182014465,-0.35630565881729126,-0.11960531026124954,0.1897512525320053,0.11198589205741882,0.03642871603369713,-0.25877299904823303,0.11253288388252258,0.5201447010040283,-0.13630108535289764,0.46512600779533386,-0.27813053131103516,-0.22588694095611572,-0.17921623587608337,0.06037729233503342,-0.33545833826065063,0.05747518688440323,-0.10224119573831558,0.07250725477933884,-0.1552564650774002,0.17321714758872986,0.15167288482189178,0.11123303323984146,-0.19633859395980835,-0.029379986226558685,0.4040803611278534,-0.29834282398223877,-0.038394518196582794,-0.2540602684020996,-0.0627393051981926,0.47256574034690857,0.38777822256088257,-0.047726210206747055,0.1465441882610321,-0.2768400013446808,0.23003612458705902,0.2238188087940216,0.22474339604377747,0.12873555719852448,0.18490615487098694,0.5527119636535645,-0.2491278499364853,0.2348746806383133,0.7170410752296448,-0.29748156666755676,-0.1247054785490036,-0.2868821918964386,-0.21348392963409424,0.44264090061187744,-0.10775938630104065,-0.47186776995658875,-0.448858380317688,0.23238269984722137,0.29088345170021057,-0.4727848470211029,0.42431050539016724,0.19810733199119568,0.062211133539676666,0.27964773774147034,-0.2530548572540283,-0.14622868597507477,-0.12739551067352295,-0.213059663772583,-0.2546963691711426,0.11052991449832916,-0.2107660323381424,-0.24435214698314667,0.21437425911426544,0.04012022167444229,0.4085506498813629,0.19023174047470093,0.5681806802749634,0.0671922117471695,0.3533035218715668,0.20322327315807343,-0.24344179034233093,0.04278746619820595,-0.27574390172958374,0.11291427165269852,-0.28651535511016846,-0.6651136875152588,0.09518466889858246
257510,0.11600109189748764,-0.22322843968868256,0.16081005334854126,-0.12300537526607513,-0.3477691113948822,-0.2170662134885788,-0.0857442319393158,-0.017951348796486855,0.18471309542655945,0.06389133632183075,0.246018186211586,-0.313331663608551,0.40972357988357544,-0.08206340670585632,0.07626359909772873,-0.12176492065191269,-0.06944549083709717,0.30834028124809265,0.11774740368127823,0.1888880878686905,-0.031830813735723495,0.14156313240528107,-0.5255388617515564,0.021046102046966553,-0.25912395119667053,-0.2967259883880615,-0.5723617672920227,-0.7460026741027832,0.2444789558649063,0.18626733124256134,-0.3728923797607422,0.4625249207019806,-0.09338060021400452,-0.19703179597854614,0.5704467296600342,0.4724538028240204,0.5590749979019165,0.46142587065696716,0.02724117785692215,-0.2000609040260315,0.26462990045547485,0.17974135279655457,0.36471325159072876,0.3258425295352936,0.3528711497783661,-0.07625315338373184,-0.4397234320640564,-0.6221288442611694,0.3312702476978302,0.3283929228782654,0.39266282320022583,0.2736366391181946,0.15510281920433044,-0.43853744864463806,0.261181116104126,0.28186604380607605,0.017523007467389107,0.41488805413246155,-0.0536910817027092,-0.18162788450717926,-0.0514334999024868,-0.2517879009246826,-0.014962732791900635,0.05610434710979462,0.16353069245815277,-0.27797773480415344,0.04336180165410042,-0.31441015005111694,0.4704798460006714,-0.14700910449028015,0.09874917566776276,0.1524835228919983,-0.5114850997924805,0.19036833941936493,-0.05269249528646469,-0.2538924515247345,0.2660467326641083,0.19529429078102112,0.23144783079624176,0.6444757580757141,0.08222979307174683,-0.10975965857505798,0.3902260363101959,0.34644919633865356,0.36033394932746887,0.22348558902740479,0.37374910712242126,0.030810043215751648,0.24672052264213562,0.3061656057834625,-0.22655966877937317,0.1655486822128296,-0.5851411819458008,0.14852868020534515,0.4401441514492035,0.42168644070625305,-0.4564654231071472,-0.05658821389079094,-0.14163346588611603,-0.12324734032154083,0.005121573340147734,0.13407371938228607,-0.024908285588026047,-0.09883830696344376,0.058895908296108246,0.3287399411201477,0.12451466917991638,-0.08601303398609161,-0.23681947588920593,-0.054433468729257584,0.4280869960784912,0.37312769889831543,0.07544844597578049,0.12597569823265076,-0.43903017044067383,-0.2845948338508606,-0.1513243019580841,-0.01568247377872467,-0.14464148879051208,0.8357065916061401,0.33724263310432434,-0.05594595894217491,-0.28517764806747437,-0.3223745822906494,0.3721267282962799,0.18340128660202026,-0.1325424760580063,0.43211737275123596
835960,0.14416742324829102,-0.24933552742004395,0.18248942494392395,-0.15137764811515808,-0.3623717427253723,-0.24813874065876007,-0.10372645407915115,0.007282942533493042,0.21504341065883636,0.056679729372262955,0.2533891201019287,-0.3204474151134491,0.4233415424823761,-0.06655225157737732,0.06687720119953156,-0.12057849019765854,-0.09384535998106003,0.3109361529350281,0.10978540033102036,0.18698473274707794,0.009964432567358017,0.1315772831439972,-0.5351741313934326,0.013080892153084278,-0.2566651403903961,-0.30992358922958374,-0.5872868895530701,-0.7603290677070618,0.2773434817790985,0.1942279189825058,-0.38012683391571045,0.468962699174881,-0.07235342264175415,-0.1963309347629547,0.5820240378379822,0.4951569437980652,0.5804969072341919,0.4748436510562897,0.029567968100309372,-0.19446198642253876,0.26145750284194946,0.18607944250106812,0.3763973116874695,0.3264564573764801,0.3584829568862915,-0.08601567894220352,-0.43747174739837646,-0.6384267210960388,0.34988704323768616,0.3301253020763397,0.3814042806625366,0.2908707559108734,0.13724078238010406,-0.4480856657028198,0.27331069111824036,0.30157211422920227,0.04133369401097298,0.4267238676548004,-0.05741946026682854,-0.20048195123672485,-0.047940533608198166,-0.2661140561103821,-0.028597641736268997,0.038103457540273666,0.1893141269683838,-0.2713961899280548,0.05450187623500824,-0.3246476352214813,0.4791446924209595,-0.13963955640792847,0.10863978415727615,0.15391476452350616,-0.5325557589530945,0.19849830865859985,-0.04207099974155426,-0.28524792194366455,0.2626579999923706,0.19480061531066895,0.2621249258518219,0.6586472392082214,0.08038618415594101,-0.13978758454322815,0.40363192558288574,0.36025920510292053,0.37501442432403564,0.2483828216791153,0.3736414909362793,0.01409841701388359,0.2512044906616211,0.3239160180091858,-0.23347187042236328,0.18867257237434387,-0.5890127420425415,0.16275712847709656,0.4424252212047577,0.4350731372833252,-0.4780427813529968,-0.07913929224014282,-0.162362739443779,-0.11286203563213348,-0.01714295707643032,0.17359666526317596,-0.03825386241078377,-0.11798550188541412,0.050219498574733734,0.3398960828781128,0.11113175749778748,-0.11420822143554688,-0.25819793343544006,-0.04567903280258179,0.420463889837265,0.37615951895713806,0.0611601322889328,0.1327274590730667,-0.43628811836242676,-0.28904053568840027,-0.16020803153514862,-0.005611323285847902,-0.14552189409732819,0.839353084564209,0.3284705877304077,-0.07787610590457916,-0.30385667085647583,-0.33199676871299744,0.3702886700630188,0.20581944286823273,-0.13916940987110138,0.4497564136981964
264710,0.13033708930015564,0.033339742571115494,-0.2588939368724823,0.028619321063160896,-0.3993043601512909,0.1772278994321823,-0.1473752111196518,-0.5230609774589539,0.4891000986099243,0.16240476071834564,-0.2551419138908386,-0.3430769145488739,0.3195866048336029,-0.211517333984375,-0.32246947288513184,0.4943620264530182,-0.500592827796936,-0.2872638702392578,-0.26688483357429504,-0.25681349635124207,0.08530448377132416,0.5746188759803772,0.2702884376049042,0.4529963433742523,-0.07197020947933197,0.24498727917671204,0.0042174640111625195,-0.45720115303993225,0.401317298412323,-0.04438979551196098,-0.6280413269996643,-0.19424684345722198,-0.31493547558784485,-0.3151754140853882,0.04242648556828499,0.673373281955719,0.5071788430213928,0.1623631715774536,0.6218010187149048,-0.13140632212162018,-0.14152982831001282,-0.32008349895477295,0.04957781359553337,-0.15276581048965454,0.1509968638420105,0.2800162136554718,-0.25326985120773315,-0.518855094909668,-0.2727506756782532,-0.19146688282489777,0.16502997279167175,0.1579599529504776,0.1701580137014389,-0.1580483764410019,-0.31595343351364136,0.1742330640554428,0.5023251175880432,0.17649754881858826,-0.329131543636322,-0.3629313111305237,-0.3563058376312256,-0.030814040452241898,0.18228064477443695,0.30016812682151794,0.25173377990722656,-0.07190782576799393,0.299952894449234,-0.28202882409095764,0.07671158760786057,-0.12973222136497498,0.21572092175483704,0.2828961908817291,-0.6093448400497437,0.65597003698349,-0.3050280511379242,-0.22240757942199707,-0.35118240118026733,0.5071620941162109,0.4299170970916748,0.5187221169471741,0.19632183015346527,0.012510946951806545,0.21766376495361328,0.2880091369152069,0.06542839109897614,0.28799712657928467,-0.1533917933702469,-0.06455074995756149,0.19336946308612823,0.025036053732037544,0.11297018826007843,0.11224515736103058,0.28208377957344055,0.0973336324095726,0.2879040539264679,-0.14331790804862976,-0.4148061275482178,-0.04116489365696907,-0.07148051261901855,-0.16005375981330872,0.09907767176628113,0.34548866748809814,-0.4220128059387207,0.41789373755455017,0.14669646322727203,-0.24011343717575073,0.2681371569633484,-0.14952439069747925,-0.26081007719039917,-0.05767619237303734,0.1450391709804535,-0.17361409962177277,-0.09379022568464279,0.33038201928138733,0.005048174876719713,-0.09278763085603714,0.013843497261404991,0.3009171485900879,0.17036138474941254,0.4396231174468994,0.42423662543296814,-0.1599060744047165,-0.3754299283027649,0.3456539213657379,0.2583616077899933,-0.5286920666694641,-0.45443350076675415,-0.15878376364707947
848450,0.12309066206216812,0.021110137924551964,-0.29388877749443054,0.010235893540084362,-0.3797907531261444,0.18514378368854523,-0.17114287614822388,-0.5153253078460693,0.4673200845718384,0.1800590455532074,-0.25980961322784424,-0.3612138628959656,0.3034505844116211,-0.20795296132564545,-0.3083890974521637,0.4752498269081116,-0.48408713936805725,-0.2854062616825104,-0.2644045054912567,-0.23026855289936066,0.08128394186496735,0.5446746945381165,0.23898577690124512,0.4650028347969055,-0.08545637875795364,0.2244933545589447,-0.020025204867124557,-0.4892028272151947,0.3975062668323517,-0.04326577112078667,-0.6218355298042297,-0.19029255211353302,-0.325761079788208,-0.3050629198551178,0.06945925205945969,0.6816912293434143,0.4879691004753113,0.1663086861371994,0.604290246963501,-0.10743235796689987,-0.12694643437862396,-0.33296623826026917,0.0713883638381958,-0.12953531742095947,0.13415446877479553,0.2636614143848419,-0.2555745840072632,-0.5104426145553589,-0.2588235139846802,-0.1901932805776596,0.1573568433523178,0.1474757194519043,0.20504899322986603,-0.16863465309143066,-0.31385838985443115,0.19473248720169067,0.4801681935787201,0.1868930608034134,-0.314839243888855,-0.34629741311073303,-0.3435386121273041,-0.02660476602613926,0.17991477251052856,0.30184638500213623,0.2601606845855713,-0.07009761780500412,0.3005765378475189,-0.287738561630249,0.07063345611095428,-0.14799343049526215,0.21039636433124542,0.2501632869243622,-0.602943480014801,0.6410338282585144,-0.30856043100357056,-0.2476210743188858,-0.37132808566093445,0.4861682951450348,0.4354079067707062,0.5466344952583313,0.19780391454696655,-0.01573919877409935,0.204843670129776,0.2994095981121063,0.07217584550380707,0.2827686369419098,-0.14921940863132477,-0.03146198019385338,0.21046261489391327,0.006030302960425615,0.1339312195777893,0.10581140220165253,0.2696918547153473,0.11154615879058838,0.28380513191223145,-0.13967861235141754,-0.42411431670188904,-0.025913765653967857,-0.10072789341211319,-0.1679399311542511,0.10697617381811142,0.3284206688404083,-0.44022396206855774,0.41314733028411865,0.14646172523498535,-0.2247294783592224,0.2758931815624237,-0.16780942678451538,-0.2616576552391052,-0.06795763224363327,0.13830766081809998,-0.16751672327518463,-0.057336267083883286,0.30423930287361145,-0.011090672574937344,-0.110232874751091,-0.004898460116237402,0.30285510420799255,0.17331930994987488,0.4395359456539154,0.4073543846607208,-0.1531144678592682,-0.39629194140434265,0.35945016145706177,0.24288035929203033,-0.5057042241096497,-0.4161396324634552,-0.14564774930477142
427520,0.3306272327899933,-0.27948224544525146,-0.4608745574951172,0.3422282338142395,0.29713767766952515,-0.09884791076183319,-0.2672935724258423,0.4631795883178711,0.22810253500938416,0.2336834818124771,-0.0826193317770958,-0.7062510848045349,0.17519095540046692,-0.5523033738136292,-0.14080099761486053,-0.3495442867279053,0.24389052391052246,0.10634376853704453,-0.4413345456123352,-0.007604002021253109,0.17260760068893433,-0.16934388875961304,0.23637571930885315,0.24291440844535828,-0.17158783972263336,-0.10539131611585617,-0.2206379771232605,-0.2778909206390381,0.6203475594520569,-0.12484905868768692,-0.5659435391426086,0.651133120059967,-0.25347521901130676,0.06867776066064835,-0.23034711182117462,0.3468300998210907,0.5487088561058044,0.22002075612545013,0.48782971501350403,0.05453798174858093,0.18069520592689514,-0.0870150774717331,0.09815141558647156,-0.15296417474746704,-0.1536014825105667,-0.29857438802719116,-0.32275933027267456,-0.23619619011878967,-0.002673608949407935,0.24787002801895142,0.034164998680353165,-0.4797791838645935,0.46835511922836304,0.28745555877685547,0.18642812967300415,0.05461997166275978,0.15874090790748596,-0.4185616970062256,-0.3966740667819977,0.07373186945915222,0.1264849752187729,0.16274555027484894,0.25549283623695374,0.13358408212661743,0.08049933612346649,-0.2497270405292511,0.3164759576320648,0.023497063666582108,0.0887438952922821,-0.13277101516723633,0.08635658025741577,0.4297989308834076,-0.31550857424736023,0.15060418844223022,-0.11992147564888,-0.4064437448978424,0.02565179392695427,0.22641301155090332,-0.014367329888045788,0.6680161356925964,-0.3712633550167084,-0.22070962190628052,0.06607545167207718,-0.2742488384246826,0.3159053325653076,0.2602018713951111,0.452409565448761,0.4397747218608856,0.33991098403930664,0.36349350214004517,0.43465456366539,-0.3707527220249176,-0.17092163860797882,-0.044296227395534515,0.3064371347427368,-0.027537887915968895,-0.43539515137672424,-0.5081754922866821,-0.08437883853912354,0.18620562553405762,0.18564537167549133,0.06888800859451294,-0.4164688289165497,-0.12925270199775696,0.48595401644706726,-0.40840858221054077,-0.1789158433675766,-0.2226400375366211,0.200039342045784,0.1506393849849701,-0.04092664271593094,-0.030554594472050667,0.527471661567688,0.2872389256954193,-0.0733870193362236,-0.08264001458883286,-0.15550397336483002,0.4587474763393402,0.31744349002838135,0.4558188021183014,0.1922955960035324,-0.3237033784389496,-0.1366172879934311,0.059938449412584305,0.49582594633102417,0.140315979719162,0.1410667598247528,0.3618858754634857
2669320,0.32335004210472107,-0.26237064599990845,-0.46562841534614563,0.3504869043827057,0.29627349972724915,-0.0872410386800766,-0.2530401349067688,0.4612632989883423,0.2354532927274704,0.21991945803165436,-0.09369820356369019,-0.7069675922393799,0.1888921558856964,-0.5533506870269775,-0.12831655144691467,-0.33578741550445557,0.23494136333465576,0.08289680629968643,-0.4430912733078003,-0.015650959685444832,0.15832489728927612,-0.15949346125125885,0.22394771873950958,0.22930274903774261,-0.17606866359710693,-0.10418596118688583,-0.19759568572044373,-0.26463600993156433,0.6231698393821716,-0.11433043330907822,-0.559046745300293,0.6404404044151306,-0.2681678235530853,0.06148814037442207,-0.23570944368839264,0.35587626695632935,0.537329912185669,0.22571688890457153,0.4837757647037506,0.042034730315208435,0.17962460219860077,-0.09923594444990158,0.1128876730799675,-0.1453395038843155,-0.1497679054737091,-0.2920178771018982,-0.3183947503566742,-0.2401408702135086,0.0036481458228081465,0.23472747206687927,0.03778952732682228,-0.4783937931060791,0.4614739418029785,0.28382641077041626,0.18625542521476746,0.03745194897055626,0.16712655127048492,-0.404687762260437,-0.3995822072029114,0.052287839353084564,0.1080755740404129,0.15475578606128693,0.25128620862960815,0.11804968863725662,0.084135502576828,-0.238352432847023,0.3064570128917694,0.024424074217677116,0.07467450946569443,-0.12912125885486603,0.09347864240407944,0.42810752987861633,-0.32871779799461365,0.1688992828130722,-0.10792942345142365,-0.40313664078712463,0.027868447825312614,0.20662471652030945,0.0023622773587703705,0.6593297719955444,-0.3568027913570404,-0.22421638667583466,0.06125829741358757,-0.27191561460494995,0.3131371736526489,0.2557660937309265,0.4440453350543976,0.44370198249816895,0.343688428401947,0.3389151990413666,0.442698210477829,-0.36277708411216736,-0.14877979457378387,-0.034270912408828735,0.2954706847667694,-0.019630933180451393,-0.4289078116416931,-0.4973045587539673,-0.09223058819770813,0.18182700872421265,0.1878305822610855,0.07179778069257736,-0.4114653468132019,-0.11375988274812698,0.4868285059928894,-0.41147589683532715,-0.16929981112480164,-0.22997653484344482,0.1929977685213089,0.160663902759552,-0.03437024727463722,-0.023271137848496437,0.5213329195976257,0.2917647659778595,-0.0553036592900753,-0.07158520817756653,-0.1487693339586258,0.4564110338687897,0.3181758224964142,0.43741264939308167,0.20324718952178955,-0.3078637421131134,-0.12086568772792816,0.06442762166261673,0.5027849674224854,0.13071170449256897,0.1582813262939453,0.3547044098377228
457140,0.13733124732971191,-0.1135745719075203,0.18749114871025085,-0.256361722946167,-0.056004464626312256,-0.2606012523174286,-0.5238372087478638,0.2573610246181488,0.35963112115859985,-0.2978564202785492,0.031077183783054352,-0.29839223623275757,-0.21250885725021362,-0.27521732449531555,-0.2705649733543396,-0.054991208016872406,-0.1377522051334381,-0.04071272164583206,-0.10393425822257996,0.5308567881584167,0.3821532130241394,-0.3563259541988373,0.25753840804100037,-0.15241815149784088,-0.37438181042671204,0.41541755199432373,-0.36095157265663147,-0.37975773215293884,0.4330642521381378,-0.2739376425743103,-0.4480973482131958,0.30564451217651367,-0.48941725492477417,0.06314432621002197,0.4726477563381195,0.7030200362205505,0.6431488394737244,0.5632212162017822,0.298299103975296,-0.04646759852766991,-0.08492927998304367,0.27919241786003113,0.19553790986537933,-0.05992928892374039,0.5288184285163879,-0.04710821807384491,0.06034105643630028,-0.43560507893562317,-0.1738407164812088,0.052703406661748886,-0.08746415376663208,0.04013393819332123,0.32906630635261536,0.47306501865386963,0.3839661180973053,0.2194780707359314,0.2885725200176239,0.27085545659065247,-0.09490735828876495,-0.5883671045303345,-0.12484711408615112,-0.36370956897735596,0.39557668566703796,-0.054603394120931625,0.13303907215595245,0.5140303373336792,0.5100342035293579,0.012218925170600414,-0.1243242621421814,-0.006318450439721346,0.07947272807359695,-0.4513985812664032,-0.25184985995292664,0.12464547157287598,-0.023787599056959152,0.052620988339185715,-0.10787168890237808,-0.1296573281288147,0.23271538317203522,0.28892648220062256,-0.08950415253639221,-0.34292760491371155,0.3822142779827118,0.0669339969754219,0.12893839180469513,-0.15410739183425903,0.2122461348772049,0.23924413323402405,0.25196459889411926,-0.025533823296427727,-0.014452914707362652,-0.1656203418970108,-0.13588999211788177,-0.019552575424313545,0.2249438464641571,0.19210605323314667,-0.508787989616394,0.03626702353358269,0.13623006641864777,-0.11478541046380997,-0.525299608707428,0.3814998269081116,-0.18781907856464386,0.19410327076911926,0.6245294213294983,0.1582798808813095,0.05434628576040268,-0.6856552362442017,-0.4832524061203003,-0.4408765137195587,-0.2581465244293213,0.17469282448291779,-0.025384003296494484,-0.3666734993457794,0.3982624411582947,-0.17581993341445923,0.24326695501804352,0.02909867651760578,0.2983061671257019,0.3432101607322693,0.2186620682477951,-0.05545946583151817,-0.2036178708076477,-0.13525937497615814,0.17695066332817078,-0.1805494874715805,0.367998868227005,0.22485199570655823
2488620,0.12265163660049438,-0.10954247415065765,0.20110031962394714,-0.26162153482437134,-0.05017589405179024,-0.25956064462661743,-0.511298418045044,0.2477259784936905,0.369758278131485,-0.2970975935459137,0.051394518464803696,-0.28436243534088135,-0.2299918383359909,-0.256852388381958,-0.29125118255615234,-0.031845733523368835,-0.1460491567850113,-0.04721152409911156,-0.09318424761295319,0.5399782657623291,0.39832553267478943,-0.3419095575809479,0.2681005001068115,-0.16348028182983398,-0.38106197118759155,0.4307425916194916,-0.35543006658554077,-0.3556774854660034,0.40654274821281433,-0.27261883020401,-0.42843592166900635,0.2691691219806671,-0.4939013719558716,0.07853622734546661,0.46553462743759155,0.6967796087265015,0.6411586999893188,0.5494274497032166,0.32067641615867615,-0.05654726177453995,-0.10880903899669647,0.2890053987503052,0.19018882513046265,-0.08809372782707214,0.5348799824714661,-0.03806399554014206,0.08704379200935364,-0.4166216552257538,-0.19250372052192688,0.03548814728856087,-0.09800441563129425,0.042951613664627075,0.31138792634010315,0.47974488139152527,0.396115243434906,0.20063963532447815,0.30418962240219116,0.26734107732772827,-0.09071353077888489,-0.6008257865905762,-0.12503276765346527,-0.3820629417896271,0.3885994851589203,-0.06982456892728806,0.14556148648262024,0.5296782851219177,0.5041341781616211,0.03144451603293419,-0.13729380071163177,0.014018028974533081,0.08158993721008301,-0.45975157618522644,-0.24145501852035522,0.12740874290466309,-0.027401231229305267,0.05556488409638405,-0.10542174428701401,-0.1249961405992508,0.22725796699523926,0.2781848907470703,-0.08892689645290375,-0.338249146938324,0.36341992020606995,0.07573220878839493,0.11440300941467285,-0.16556374728679657,0.2135503739118576,0.21471598744392395,0.24657900631427765,-0.020964929834008217,-0.009896908886730671,-0.17491503059864044,-0.14359953999519348,-0.03847762942314148,0.23660068213939667,0.1677526980638504,-0.5167540907859802,0.03171999007463455,0.13263490796089172,-0.10366328805685043,-0.5497384667396545,0.3826914131641388,-0.1894696205854416,0.19738367199897766,0.6124013066291809,0.17081455886363983,0.042676907032728195,-0.682117223739624,-0.4935467839241028,-0.45751920342445374,-0.27261340618133545,0.16081157326698303,-0.046897027641534805,-0.3799307942390442,0.4167994558811188,-0.1597984880208969,0.2510262131690979,0.03771557658910751,0.29252374172210693,0.3037824034690857,0.20048236846923828,-0.04187353700399399,-0.2011433243751526,-0.12742042541503906,0.16092336177825928,-0.1919855922460556,0.36566588282585144,0.22051207721233368
535930,0.006810409482568502,-0.5213208198547363,0.07433342933654785,-0.5523915886878967,-0.2061118334531784,0.1508490890264511,-0.41501909494400024,-0.4608551859855652,-0.3459157943725586,-0.03132866322994232,0.29819297790527344,-0.2240331768989563,-0.4718058407306671,-0.09007681906223297,-0.24058884382247925,-0.5557631254196167,-0.1206752359867096,-0.08081057667732239,-0.1094253733754158,-0.5171318054199219,-0.12829738855361938,-0.31619471311569214,0.19529952108860016,0.4744093120098114,-0.0371830090880394,0.3870376944541931,-0.19824092090129852,-0.541617214679718,0.19832287728786469,-0.3700091242790222,-0.5707798600196838,0.19318030774593353,-0.2873472273349762,-0.04062642157077789,0.36217200756073,0.27729934453964233,0.388604074716568,0.3175358176231384,0.17384891211986542,-0.13521301746368408,0.4742029309272766,0.04851435124874115,-0.43222561478614807,0.16766831278800964,0.37032490968704224,-0.4271757900714874,-0.08722978830337524,-0.6408371329307556,0.05547201260924339,-0.006927473936229944,0.30565932393074036,-0.2296004742383957,0.17067937552928925,0.0033183833584189415,0.0626167356967926,0.20100699365139008,0.15469004213809967,-0.404439777135849,-0.053665194660425186,0.2607203722000122,0.4440169036388397,-0.04647962003946304,0.31597423553466797,0.5825091600418091,-0.35570043325424194,0.11250358074903488,0.2588445544242859,-0.08115068823099136,0.08713968843221664,-0.5376579761505127,0.22745580971240997,-0.289978951215744,-0.10215826332569122,-0.21646548807621002,-0.2907806932926178,0.28096258640289307,0.05771764740347862,0.2095862329006195,0.21478639543056488,0.284220814704895,-0.22816269099712372,0.05523914843797684,0.4545940160751343,0.02753431349992752,-0.24669337272644043,-0.032539255917072296,0.09106753021478653,0.054896317422389984,0.21187208592891693,0.18103735148906708,-0.20713862776756287,0.11916430294513702,-0.12784652411937714,-0.16342134773731232,0.29395198822021484,-0.011161766946315765,-0.5540809035301208,-0.08540745824575424,-0.12177646160125732,0.07778090238571167,0.2476576864719391,0.3133796751499176,-0.317126989364624,0.20071230828762054,0.7158916592597961,0.0437358058989048,-0.05994797870516777,-0.4998150169849396,0.18396785855293274,-0.1684955507516861,0.11689596623182297,0.014894943684339523,0.4091976284980774,-0.14876729249954224,-0.2688341438770294,0.08641413599252701,-0.31019312143325806,0.1962488740682602,0.2972995936870575,0.7654356360435486,0.40667569637298584,-0.015818949788808823,-0.48065441846847534,0.38216957449913025,-0.04172668606042862,-0.18476052582263947,-0.5509821772575378,0.09381335973739624
1649080,-0.011184411123394966,-0.5340543985366821,0.06195438653230667,-0.5568814873695374,-0.22260576486587524,0.12491028010845184,-0.4077551066875458,-0.46125295758247375,-0.35930171608924866,-0.03202342242002487,0.3018511235713959,-0.19970378279685974,-0.46983692049980164,-0.09753229469060898,-0.22046980261802673,-0.5482365489006042,-0.11800641566514969,-0.06719283014535904,-0.08931690454483032,-0.5141978859901428,-0.12388790398836136,-0.3102876842021942,0.18187639117240906,0.48535504937171936,-0.0206577368080616,0.38257795572280884,-0.18697437644004822,-0.5422521829605103,0.22111842036247253,-0.3842189311981201,-0.5773090124130249,0.1666957139968872,-0.2806069552898407,-0.04777262732386589,0.35773926973342896,0.3051697611808777,0.38513514399528503,0.30079129338264465,0.18272697925567627,-0.13982294499874115,0.4864182472229004,0.0568975955247879,-0.4206419885158539,0.1780421882867813,0.3777875602245331,-0.41281700134277344,-0.09836795926094055,-0.6526150107383728,0.07705841958522797,-0.024959199130535126,0.32046276330947876,-0.23139731585979462,0.17976117134094238,0.002968157408758998,0.06235548108816147,0.20605945587158203,0.12998294830322266,-0.4059242308139801,-0.045348767191171646,0.25454282760620117,0.45674046874046326,-0.04250234365463257,0.3079632818698883,0.5945491790771484,-0.3602192997932434,0.11235613375902176,0.25786933302879333,-0.0697455182671547,0.10278677940368652,-0.5402302145957947,0.2431311309337616,-0.31502243876457214,-0.11893220245838165,-0.21981945633888245,-0.2948465049266815,0.2869359850883484,0.028537653386592865,0.19797618687152863,0.24684761464595795,0.3086670935153961,-0.22474145889282227,0.04011832922697067,0.4680461585521698,0.05909417197108269,-0.23316088318824768,-0.03771774098277092,0.08377572894096375,0.03786782547831535,0.23239867389202118,0.15567582845687866,-0.20166230201721191,0.12854507565498352,-0.11727274954319,-0.13773392140865326,0.30467936396598816,-0.00396113283932209,-0.5518288612365723,-0.08203192055225372,-0.11323530972003937,0.07392118126153946,0.24256493151187897,0.3392277956008911,-0.3137340843677521,0.19543281197547913,0.7066086530685425,0.06560531258583069,-0.03740954399108887,-0.5103141069412231,0.17890648543834686,-0.17754706740379333,0.13401435315608978,0.02257736399769783,0.3983067274093628,-0.14707277715206146,-0.25791293382644653,0.06254430115222931,-0.2934729754924774,0.18717548251152039,0.2975921332836151,0.7528521418571472,0.38798364996910095,0.0027133142575621605,-0.4978724420070648,0.3818154036998749,-0.06324882060289383,-0.20746347308158875,-0.5400421023368835,0.07027439773082733
2072450,0.17478494346141815,0.12062197923660278,-0.1839398890733719,-0.3166925609111786,0.13956457376480103,0.31399378180503845,-0.39498791098594666,-0.16568715870380402,0.3232700228691101,0.2949085831642151,0.3441021740436554,-0.1645999401807785,-0.2149495929479599,0.1420421600341797,-0.09582316875457764,0.10483257472515106,-0.461292564868927,0.05549950897693634,-0.46502685546875,0.44444581866264343,0.010676677338778973,-0.11117678135633469,0.12032521516084671,0.3105314075946808,-0.5153517127037048,0.3990804851055145,-0.4943746328353882,-0.4824383854866028,-0.13730072975158691,0.3276430070400238,-0.48186129331588745,0.13589678704738617,-0.04407500848174095,-0.06219590827822685,0.18404489755630493,0.0232191551476717,0.39539214968681335,0.36226269602775574,0.37191253900527954,-0.018413348123431206,-0.4257850646972656,0.25203239917755127,-0.04930473491549492,-0.381950706243515,-0.10282306373119354,-0.2963467836380005,-0.13528557121753693,-0.13744357228279114,-0.19951164722442627,0.1079484224319458,0.46849778294563293,-0.06779810041189194,0.3952600061893463,-0.08611112087965012,-0.05416411533951759,0.6521902084350586,0.7059065103530884,-0.03509647771716118,-0.09953739494085312,-0.012523001059889793,-0.42754927277565,-0.10601025074720383,-0.19628022611141205,-0.026103775948286057,0.2003084123134613,0.1969328373670578,0.6436387896537781,-0.13280218839645386,-0.17337024211883545,-0.011678758077323437,-0.1132153645157814,0.2909662127494812,0.1390729397535324,0.1036534458398819,-0.3029302656650543,-0.0016729661729186773,0.25836560130119324,0.6455674171447754,-0.16820938885211945,0.3878905475139618,0.01749761588871479,-0.1980738788843155,-0.06356911361217499,-0.11677130311727524,-0.3809332251548767,-0.24953234195709229,0.3057343661785126,0.20395341515541077,-0.013802237808704376,0.3898314833641052,-0.013184290379285812,-0.1714218407869339,-0.5242707133293152,-0.5806728601455688,0.3236187994480133,-0.44546061754226685,-0.6619938015937805,-0.17090289294719696,0.185410737991333,-0.4666997194290161,-0.21338576078414917,-0.30426549911499023,-0.2246149480342865,0.08958019316196442,0.22320227324962616,0.02137346938252449,0.19629736244678497,-0.19917362928390503,-0.3165227174758911,-0.263705849647522,0.27231237292289734,0.10134901851415634,0.03756284341216087,-0.037703391164541245,0.007289012894034386,-0.1516353040933609,-0.7216845154762268,0.21211718022823334,0.37543362379074097,0.7781598567962646,0.2655714154243469,-0.3798835873603821,0.05489924177527428,0.10224263370037079,0.14700064063072205,-0.04437198117375374,-0.42902612686157227,0.01239675935357809
2933620,0.16420185565948486,0.11596540361642838,-0.18202711641788483,-0.321489155292511,0.1620856523513794,0.30983343720436096,-0.40371909737586975,-0.1474483460187912,0.3259499967098236,0.30297303199768066,0.35501718521118164,-0.16064433753490448,-0.21499650180339813,0.134174644947052,-0.09830033034086227,0.08584460616111755,-0.44403648376464844,0.060883745551109314,-0.46975991129875183,0.4666367769241333,0.0023966270964592695,-0.14025525748729706,0.10424144566059113,0.2976859211921692,-0.5281074047088623,0.38691264390945435,-0.5110747218132019,-0.48447608947753906,-0.14780956506729126,0.3218321204185486,-0.4673183262348175,0.14869406819343567,-0.05165165662765503,-0.05551433935761452,0.20270536839962006,0.02900625579059124,0.3775031864643097,0.356557160615921,0.3631060719490051,-0.004877788480371237,-0.4263278543949127,0.2618471384048462,-0.0549222007393837,-0.38161471486091614,-0.09846693277359009,-0.30786532163619995,-0.12400033324956894,-0.12018094956874847,-0.19452472031116486,0.12987174093723297,0.46433770656585693,-0.05323619022965431,0.4096720218658447,-0.09771392494440079,-0.04667939245700836,0.6602296829223633,0.6976056694984436,-0.02195099927484989,-0.08105012774467468,0.007256996817886829,-0.4261646568775177,-0.10040643066167831,-0.19978024065494537,-0.01848037913441658,0.20562419295310974,0.2021610140800476,0.6530314683914185,-0.12453377991914749,-0.17395073175430298,-0.0027463084552437067,-0.12229550629854202,0.2783851623535156,0.1590268313884735,0.08100568503141403,-0.28596168756484985,-0.018886717036366463,0.27549856901168823,0.6382484436035156,-0.16793225705623627,0.39640071988105774,0.016341201961040497,-0.21590304374694824,-0.06430096179246902,-0.10762903094291687,-0.37866586446762085,-0.2526929974555969,0.31924962997436523,0.21874834597110748,-0.013704883866012096,0.38208967447280884,-0.0006808305624872446,-0.18334175646305084,-0.5360905528068542,-0.5834292769432068,0.31247591972351074,-0.4454658329486847,-0.6663956642150879,-0.1874958574771881,0.18049339950084686,-0.47474122047424316,-0.2267908751964569,-0.31828585267066956,-0.2301020473241806,0.09027399122714996,0.23399803042411804,0.02870568074285984,0.18556742370128632,-0.21662232279777527,-0.3045947551727295,-0.2617664337158203,0.26389017701148987,0.11256744712591171,0.051659248769283295,-0.05003342404961586,-0.009329627268016338,-0.16608528792858124,-0.7319164872169495,0.20475487411022186,0.3731411099433899,0.784197211265564,0.25397956371307373,-0.37672924995422363,0.0689321830868721,0.09525023400783539,0.1420750766992569,-0.010879636742174625,-0.40071138739585876,0.018082676455378532
